[
  { "date": "2025-01-14", "localName": "Makar Sankranti", "name": "Makar Sankranti" },
  { "date": "2025-01-26", "localName": "Republic Day", "name": "Republic Day" },
  { "date": "2025-03-14", "localName": "Holi", "name": "Holi" },
  { "date": "2025-04-10", "localName": "Good Friday", "name": "Good Friday" },
  { "date": "2025-05-01", "localName": "Labour Day", "name": "Labour Day" },
  { "date": "2025-08-15", "localName": "Independence Day", "name": "Independence Day" },
  { "date": "2025-10-02", "localName": "Gandhi Jayanti", "name": "Gandhi Jayanti" },
  { "date": "2025-10-20", "localName": "Diwali", "name": "Diwali" },
  { "date": "2025-12-25", "localName": "Christmas Day", "name": "Christmas Day" }
]
